[
  {
    "valor": 1000,
    "categoria": "Alimentação",
    "descricao": "gasto no ifood",
    "data": "2025-12-20"
  },
  {
    "valor": 99.9,
    "categoria": "Contas",
    "descricao": "internet",
    "data": "2025-12-20"
  },
  {
    "valor": 100,
    "categoria": "Transporte",
    "descricao": "gasto com gasolina",
    "data": "2025-12-20"
  },
  {
    "valor": 25,
    "categoria": "Alimentação",
    "descricao": "comida",
    "data": "2025-12-20"
  },
  {
    "valor": 250,
    "categoria": "Outros",
    "descricao": "Curso do Bruno",
    "data": "2025-12-20"
  }
]